<?xml version="1.0" encoding="UTF-8"?>
<beans xmlns="http://www.springframework.org/schema/beans"
xmlns:mvc="http://www.springframework.org/schema/mvc"
	xmlns:xsi="http://www.w3.org/2001/XMLSchema-instance" xmlns:context="http://www.springframework.org/schema/context"
	xsi:schemaLocation="http://www.springframework.org/schema/beans http://www.springframework.org/schema/beans/spring-beans.xsd
		http://www.springframework.org/schema/context http://www.springframework.org/schema/context/spring-context-3.0.xsd 
		http://www.springframework.org/schema/mvc	http://www.springframework.org/schema/mvc/spring-mvc-3.0.xsd">
	
	
	
	<context:component-scan base-package="com.lti.controller">
	</context:component-scan>
	<context:component-scan base-package="com.lti.service">
	</context:component-scan>
		<context:component-scan base-package="com.lti.dao">
	</context:component-scan>
	
	<!-- <mvc:resources mapping="/resources/**" location="/resources/" />
	<mvc:annotation-driven />
 -->
	<bean
		class="org.springframework.web.servlet.view.InternalResourceViewResolver">
		<property name="prefix" value="/WEB-INF/pages/" />
		<property name="suffix" value=".jsp" />
	</bean>
	
</beans>