<?xml version="1.0" encoding="UTF-8"?>
<beans xmlns = "http://www.springframework.org/schema/beans"
   xmlns:xsi = "http://www.w3.org/2001/XMLSchema-instance"
   xmlns:context = "http://www.springframework.org/schema/context"
   xsi:schemaLocation = "http://www.springframework.org/schema/beans
   http://www.springframework.org/schema/beans/spring-beans-3.0.xsd
   http://www.springframework.org/schema/context
   http://www.springframework.org/schema/context/spring-context-3.0.xsd">

   <context:annotation-config/>
   <!-- bean definitions go here -->

	<bean id="hello" class="com.lnt.ashraf.pojo.Hello"
		lazy-init="false" scope="singleton" init-method="initBean"> <!-- destroy-method="myLastWish" -->
		<constructor-arg value="90"></constructor-arg>
		<property name="message" value="h r u"></property>
	</bean>

	<bean id="answer1" class="com.lnt.ashraf.pojo.Answer">
		<property name="id" value="1"></property>
		<property name="name" value="Java is a programming language"></property>
		<property name="by" value="Ravi Malik"></property>
	</bean>
	<bean id="answer2" class="com.lnt.ashraf.pojo.Answer">
		<property name="id" value="2"></property>
		<property name="name" value="Java is a platform"></property>
		<property name="by" value="Sachin"></property>
	</bean>

	<bean id="q" class="com.lnt.ashraf.pojo.Question">
		<property name="id" value="1"></property>
		<property name="name" value="What is Java?"></property>
		<property name="answers">
			<list>
				<ref bean="answer1" />
				<ref bean="answer2" />
			</list>
		</property>
	</bean>
</beans>