<?xml version="1.0"?>
<!DOCTYPE hibernate-mapping PUBLIC "-//Hibernate/Hibernate Mapping DTD 3.0//EN"
"http://hibernate.sourceforge.net/hibernate-mapping-3.0.dtd">
<!-- Generated 21 Jan, 2019 1:52:34 AM by Hibernate Tools 3.5.0.Final -->
<hibernate-mapping>
    <class name="com.ashraf.entity.Employee" table="EMPLOYEE">
        <id name="id" type="int">
            <column name="ID" />
            <generator class="assigned" />
        </id>
        <property name="name" type="java.lang.String">
            <column name="NAME" />
        </property>
        <property name="city" type="java.lang.String">
            <column name="CITY" />
        </property>
    </class>
</hibernate-mapping>
