<?xml version="1.0" encoding="UTF-8"?>

<!DOCTYPE hibernate-configuration SYSTEM 
"http://www.hibernate.org/dtd/hibernate-configuration-3.0.dtd">
<hibernate-configuration>
   <session-factory>
      <property name = "hibernate.dialect">org.hibernate.dialect.MySQL5Dialect</property>
      <property name = "hibernate.connection.driver_class">com.mysql.jdbc.Driver</property>
      <property name = "hibernate.connection.url">jdbc:mysql://localhost:3306/test</property>
      <property name = "hibernate.connection.username">root</property>
      <property name = "hibernate.connection.password">root</property>
      <property name="hibernate.hbm2ddl.auto">update</property>
      <property name="hibernate.show_sql">true</property>
      <mapping resource ="/com/hibernate/entity/Employee.hbm.xml"/>
   </session-factory>
</hibernate-configuration>