<?xml version="1.0" encoding="UTF-8"?>
<!DOCTYPE hibernate-configuration PUBLIC
		"-//Hibernate/Hibernate Configuration DTD 3.0//EN"
		"http://www.hibernate.org/dtd/hibernate-configuration-3.0.dtd">
<hibernate-configuration>
    <session-factory>
        <property name="hibernate.connection.driver_class">com.mysql.jdbc.Driver</property>
        <property name="hibernate.connection.password">ashraf</property>
        <property name="hibernate.connection.url">jdbc:mysql://localhost:3306/ashraf</property>
        <property name="hibernate.connection.username">ashraf</property>
        <property name="hibernate.dialect">org.hibernate.dialect.MySQL5Dialect</property>
          <property name="hibernate.show_sql">true</property>
        <property name="hibernate.format_sql">true</property>
        <property name="hibernate.hbm2ddl.auto">update</property>
        <property name="current_session_context_class">thread</property>
      <!--   <mapping resource="com/ashraf/entity/Employee.hbm.xml"/> -->	<!-- used without annotation and have to create .hbm.xml file -->
      <mapping class="com.ashraf.entity.EmployeeAnnotation"/>
      
    </session-factory>
</hibernate-configuration>
